Scheme Code;NAV Name;Plan;Option;ISIN Div Payout/ISIN Growth;ISIN Div Reinvestment;Net Asset Value;Date

Open Ended Schemes ( Debt Scheme - Overnight Fund )


Bank of India Mutual Fund
147951;BANK OF INDIA Overnight Fund Direct Plan Growth;Direct Plan;Growth;INF761K01EU7;;1400.8017;05-Sep-2026
147952;BANK OF INDIA Overnight Fund Direct Plan- Daily IDCW;Direct Plan;Daily IDCW;;INF761K01EV5;1000.0044;05-Sep-2026
147948;BANK OF INDIA Overnight Fund Direct Plan- Monthly IDCW;Direct Plan;Monthly IDCW;INF761K01EY9;INF761K01EX1;1001.1946;05-Sep-2026
147950;BANK OF INDIA Overnight Fund Direct Plan- Weekly IDCW;Direct Plan;Weekly IDCW;;INF761K01EW3;1000.6393;05-Sep-2026
147936;BANK OF INDIA Overnight Fund Regular Plan Growth;Regular Plan;Growth;INF761K01EZ6;;1396.6619;05-Sep-2026
147953;BANK OF INDIA Overnight Fund Regular Plan- Daily IDCW;Regular Plan;Daily IDCW;;INF761K01FA6;1000.0049;05-Sep-2026
147949;BANK OF INDIA Overnight Fund Regular Plan- Monthly IDCW;Regular Plan;Monthly IDCW;INF761K01FD0;INF761K01FC2;1001.3442;05-Sep-2026
149412;BANK OF INDIA Overnight Fund Unclaimed IDCW Plan - Greater than 3 Years;;;;;1000.0000;05-Sep-2026
149414;BANK OF INDIA Overnight Fund Unclaimed IDCW Plan - Up to 3 Years;;;;;1317.0038;05-Sep-2026
149415;BANK OF INDIA Overnight Fund Unclaimed Redemption Plan - Greater than 3 Years;;;;;1000.0000;05-Sep-2026
149413;BANK OF INDIA Overnight Fund Unclaimed Redemption Plan - Upto 3 Years;;;;;1317.2395;05-Sep-2026

Edelweiss Mutual Fund
147551;Edelweiss Overnight Fund - Direct Plan - Annual - IDCW Option;Direct Plan;Annual IDCW;INF754K01KD5;INF754K01KC7;1354.3264;05-Sep-2026
147557;Edelweiss Overnight Fund - Direct Plan - Daily - IDCW Option;Direct Plan;Daily IDCW;;INF754K01JW7;1000.2472;05-Sep-2026
147550;Edelweiss Overnight Fund - Direct Plan - Fortnightly - IDCW Option;Direct Plan;Fortnightly IDCW;INF754K01JZ0;INF754K01JY3;1368.4127;05-Sep-2026
147570;Edelweiss Overnight Fund - Direct Plan - Growth;Direct Plan;Growth;INF754K01JV9;;1424.26;05-Sep-2026
147554;Edelweiss Overnight Fund - Direct Plan - Monthly - IDCW Option;Direct Plan;Monthly IDCW;INF754K01KB9;INF754K01KA1;1059.0495;05-Sep-2026
147558;Edelweiss Overnight Fund - Direct Plan - Weekly - IDCW Option;Direct Plan;Weekly IDCW;;INF754K01JX5;1379.0202;05-Sep-2026
147556;Edelweiss Overnight Fund - Regular Plan - Annual - IDCW Option;Regular Plan;Annual IDCW;INF754K01KM6;INF754K01KL8;1348.3418;05-Sep-2026
147552;Edelweiss Overnight Fund - Regular Plan - Daily - IDCW Option;Regular Plan;Daily IDCW;;INF754K01KF0;1008.3762;05-Sep-2026
147549;Edelweiss Overnight Fund - Regular Plan - Fortnightly - IDCW Option;Regular Plan;Fortnightly IDCW;INF754K01KI4;INF754K01KH6;1096.287;05-Sep-2026
147569;Edelweiss Overnight Fund - Regular Plan - Growth;Regular Plan;Growth;INF754K01KE3;;1418.7289;05-Sep-2026
147555;Edelweiss Overnight Fund - Regular Plan - Monthly - IDCW Option;Regular Plan;Monthly IDCW;INF754K01KK0;INF754K01KJ2;1005.8667;05-Sep-2026
147553;Edelweiss Overnight Fund - Regular Plan - Weekly - IDCW Option;Regular Plan;Weekly IDCW;;INF754K01KG8;1017.0532;05-Sep-2026
149476;Edelweiss Overnight Fund - Unclaimed IDCW Plan - Above 3 years;;;;;1000;05-Sep-2026
149477;Edelweiss Overnight Fund - Unclaimed IDCW Plan - Upto 3 years;;;;;1303.1203;05-Sep-2026
149479;Edelweiss Overnight Fund - Unclaimed Redemption Plan - Above 3 years;;;;;1000;05-Sep-2026
149478;Edelweiss Overnight Fund - Unclaimed Redemption Plan - Upto 3 years;;;;;1303.1186;05-Sep-2026

LIC Mutual Fund
147516;LIC MF Overnight Fund-Direct Plan-Daily IDCW;Direct Plan;Daily IDCW;;INF767K01QG7;1125.8613;05-Sep-2026
147515;LIC MF Overnight Fund-Direct Plan-Growth;Direct Plan;Growth;INF767K01QI3;;1427.2677;05-Sep-2026
147513;LIC MF Overnight Fund-Direct Plan-IDCW;Direct Plan;IDCW;INF767K01QE2;INF767K01QF9;1427.4405;05-Sep-2026
147514;LIC MF Overnight Fund-Direct Plan-Weekly IDCW;Direct Plan;Weekly IDCW;;INF767K01QH5;1107.8344;05-Sep-2026
147517;LIC MF Overnight Fund-Regular Plan-Daily IDCW;Regular Plan;Daily IDCW;;INF767K01QB8;1125.0671;05-Sep-2026
147519;LIC MF Overnight Fund-Regular Plan-Growth;Regular Plan;Growth;INF767K01QD4;;1415.2235;05-Sep-2026
147512;LIC MF Overnight Fund-Regular Plan-IDCW;Regular Plan;IDCW;INF767K01PZ9;INF767K01QA0;1251.6885;05-Sep-2026
147518;LIC MF Overnight Fund-Regular Plan-Weekly IDCW;Regular Plan;Weekly IDCW;;INF767K01QC6;1179.911;05-Sep-2026

Mahindra Manulife Mutual Fund
147563;Mahindra Manulife Overnight Fund - Direct Plan - Daily IDCW;Direct Plan;Daily IDCW;;INF174V01846;1428.4381;05-Sep-2026
147564;Mahindra Manulife Overnight Fund - Direct Plan -Growth;Direct Plan;Growth;INF174V01838;;1424.9248;05-Sep-2026
147566;Mahindra Manulife Overnight Fund - Regular Plan - Daily IDCW;Regular Plan;Daily IDCW;;INF174V01820;1254.6858;05-Sep-2026
147565;Mahindra Manulife Overnight Fund - Regular Plan - Growth;Regular Plan;Growth;INF174V01812;;1414.6910;05-Sep-2026
149471;Mahindra Manulife Overnight Fund - Unclaimed Redemption/IDCW beyond 3 years;;Unclaimed Redemption/IDCW beyond 3 years;;;1000.0000;05-Sep-2026
149470;Mahindra Manulife Overnight Fund - Unclaimed Redemption/IDCW upto 3 years;;Unclaimed Redemption/IDCW upto 3 years;;;1306.7938;05-Sep-2026

PGIM India Mutual Fund
147605;PGIM India Overnight Fund - Direct Plan - Daily Dividend Option;Direct Plan;Direct IDCW;;INF663L01T35;1000.0087;05-Sep-2026
147606;PGIM India Overnight Fund - Direct Plan - Growth Option;Direct Plan;Direct Growth;INF663L01T01;;1418.8229;05-Sep-2026
147608;PGIM India Overnight Fund - Direct Plan - Weekly Dividend Option;Direct Plan;Direct IDCW;INF663L01T19;INF663L01T27;1000.1541;05-Sep-2026
147609;PGIM India Overnight Fund - Regular Plan - Daily Dividend Option;Regular Plan;Regular IDCW;;INF663L01T76;1000;05-Sep-2026
147607;PGIM India Overnight Fund - Regular Plan - Weekly Dividend Option;Regular Plan;Regular IDCW;INF663L01T50;INF663L01T68;1006.8532;05-Sep-2026
147600;PGIM India Overnight Fund - Regular Plan- Growth Option;Regular Plan;Regular Growth;INF663L01T43;;1412.4052;05-Sep-2026

Shriram Mutual Fund
154395;Shriram Overnight Fund- Direct Daily IDCW;Direct Plan;Daily IDCW;;INF680P01513;1000.0189;05-Sep-2026
154394;Shriram Overnight Fund- Direct Growth;Direct Plan;Growth;INF680P01497;;1271.4384;05-Sep-2026
154396;Shriram Overnight Fund- Direct Monthly IDCW;Direct Plan;Monthly IDCW;INF680P01612;INF680P01638;1002.5376;05-Sep-2026
154398;Shriram Overnight Fund- Regular Daily IDCW;Regular Plan;Daily IDCW;;INF680P01521;1000.01;05-Sep-2026
154399;Shriram Overnight Fund- Regular Growth;Regular Plan;Growth;INF680P01505;;1267.294;05-Sep-2026
154402;Shriram Overnight Fund- Regular Monthly IDCW;Regular Plan;Monthly IDCW;INF680P01620;INF680P01646;1002.5404;05-Sep-2026

Trust Mutual Fund
149796;TRUST MF OVERNIGHT FUND-DIRECT PLAN-DAILY IDCW REINVESTMENT;Direct Plan;Daily IDCW Reinvestment;;INF0GCD01461;1273.5546;05-Sep-2026
149797;TRUST MF OVERNIGHT FUND-DIRECT PLAN-GROWTH;Direct Plan;Growth;INF0GCD01453;;1301.4571;05-Sep-2026
149798;TRUST MF OVERNIGHT FUND-REGULAR PLAN-DAILY IDCW REINVESTMENT;Regular Plan;Daily IDCW Reinvestment;;INF0GCD01446;1259.3119;05-Sep-2026
149795;TRUST MF OVERNIGHT FUND-REGULAR-GROWTH;Regular Plan;Growth;INF0GCD01438;;1298.4203;05-Sep-2026
153520;TRUSTMF OVERNIGHT FUND - UNCLAIMED REDEMPTION PLAN GROWTH;Direct Plan;Unclaimed Redemption Plan Growth;;;1004.9385;05-Sep-2026

Open Ended Schemes ( Debt Scheme - Liquid Fund )


Bank of India Mutual Fund
119368;BANK OF INDIA Liquid Fund- Direct Plan- Daily IDCW;Direct Plan;Daily IDCW;;INF761K01CL0;1005.0000;05-Sep-2026
119369;BANK OF INDIA Liquid Fund- Direct Plan- Growth;Direct Plan;Growth;INF761K01785;;3269.7194;05-Sep-2026
119370;BANK OF INDIA Liquid Fund- Direct Plan- Weekly IDCW;Direct Plan;Weekly IDCW;;INF761K01CM8;1006.4501;05-Sep-2026
111971;BANK OF INDIA Liquid Fund- Regular Plan- Daily IDCW;Regular Plan;Daily IDCW;;INF761K01CO4;1005.0000;05-Sep-2026
109254;BANK OF INDIA Liquid Fund- Regular Plan- Growth;Regular Plan;Growth;INF761K01306;;3235.9903;05-Sep-2026
109255;BANK OF INDIA Liquid Fund- Regular Plan- Weekly IDCW;Regular Plan;Weekly IDCW;;INF761K01CP1;1006.4892;05-Sep-2026

Edelweiss Mutual Fund
140194;Edelweiss Liquid Fund - Direct Plan - Bonus Option;Direct Plan;Bonus;INF754K01GY9;;2135.2901;05-Sep-2026
140196;Edelweiss Liquid Fund - Direct Plan - Growth Option;Direct Plan;Growth;INF754K01GM4;;3670.2678;05-Sep-2026
140198;Edelweiss Liquid Fund - Direct Plan - IDCW Option;Direct Plan;IDCW;INF754K01GO0;INF754K01GN2;3519.1062;05-Sep-2026
140192;Edelweiss Liquid Fund - Direct Plan Annual - IDCW Option;Direct Plan;Annual IDCW;INF754K01GX1;INF754K01GT9;3519.0654;05-Sep-2026
140193;Edelweiss Liquid Fund - Direct Plan daily - IDCW Option;Direct Plan;Daily IDCW;;INF754K01GP7;1194.3847;05-Sep-2026
140199;Edelweiss Liquid Fund - Direct Plan Fortnightly - IDCW Option;Direct Plan;Fortnightly IDCW;INF754K01GV5;INF754K01GR3;2477.6692;05-Sep-2026
140197;Edelweiss Liquid Fund - Direct Plan Monthly - IDCW Option;Direct Plan;Monthly IDCW;INF754K01GW3;INF754K01GS1;1006.7369;05-Sep-2026
140195;Edelweiss Liquid Fund - Direct Plan weekly - IDCW Option;Direct Plan;Weekly IDCW;INF754K01GU7;INF754K01GQ5;2175.4686;05-Sep-2026
140189;Edelweiss Liquid Fund - Regular Plan - Bonus Option;;;INF754K01HR1;;2093.0628;05-Sep-2026
140182;Edelweiss Liquid Fund - Regular Plan - Growth Option;Regular Plan;Growth;INF754K01GZ6;;3592.9918;05-Sep-2026
140190;Edelweiss Liquid Fund - Regular Plan - IDCW Option;Regular Plan;IDCW;INF754K01GK8;INF754K01GL6;3441.8338;05-Sep-2026
140188;Edelweiss Liquid Fund - Regular Plan Annual - IDCW Option;Regular Plan;Annual IDCW;INF754K01HQ3;INF754K01HP5;2334.8771;05-Sep-2026
140181;Edelweiss Liquid Fund - Regular Plan Daily - IDCW Option;Regular Plan;IDCW;;INF754K01HA7;1330.3817;05-Sep-2026
140184;Edelweiss Liquid Fund - Regular Plan Fortnightly - IDCW Option;Regular Plan;Fortnightly IDCW;INF754K01HK6;INF754K01HC3;2156.7235;05-Sep-2026
140183;Edelweiss Liquid Fund - Regular Plan Monthly - IDCW Option;Regular Plan;Monthly IDCW;INF754K01HL4;INF754K01HD1;1085.0557;05-Sep-2026
140185;Edelweiss Liquid Fund - Regular Plan Weekly - IDCW Option;Regular Plan;Weekly IDCW;INF754K01HJ8;INF754K01HB5;1216.5448;05-Sep-2026
140176;Edelweiss Liquid Fund - Retail Plan - Growth Option;;;INF754K01HE9;;3267.5391;05-Sep-2026
140178;Edelweiss Liquid Fund - Retail Plan - Weekly Dividend Option;;;;INF754K01HG4;1232.3225;05-Sep-2026
140177;Edelweiss Liquid Fund - Retail Plan Daily - IDCW Option;;;;INF754K01HF6;1171.0162;05-Sep-2026
140180;Edelweiss Liquid Fund - Retail Plan Monthly - IDCW Option;;;;INF754K01HI0;1246.6038;05-Sep-2026

JM Financial Mutual Fund
101549;JM Liquid Fund (Regular) - Bonus Option - Principal Units;Regular Plan;Bonus Option - Principal Units;INF192K01890;;24.5031;05-Sep-2026
101078;JM Liquid Fund (Regular) - Daily IDCW;Regular Plan;Daily IDCW Option;;INF192K01833;10.4302;05-Sep-2026

LIC Mutual Fund
120248;LIC MF Liquid Fund-Direct Plan-Daily IDCW;Direct Plan;Daily IDCW;INF767K01DL5;INF767K01DM3;1035.2975;05-Sep-2026
120249;LIC MF Liquid Fund-Direct Plan-Growth;Direct Plan;Growth;INF767K01DN1;;5152.8273;05-Sep-2026
151930;LIC MF Liquid Fund-Direct Plan-Monthly IDCW;Direct Plan;Monthly IDCW;INF397L01AK7;INF397L01AJ9;1250.5217;05-Sep-2026
151932;LIC MF Liquid Fund-Direct Plan-Weekly IDCW;Direct Plan;Weekly IDCW;INF397L01AM3;INF397L01AL5;1117.2519;05-Sep-2026
101184;LIC MF Liquid Fund-Regular Plan-Daily IDCW;Regular Plan;Daily IDCW;INF767K01IQ3;INF767K01IR1;1000.1751;05-Sep-2026
101185;LIC MF Liquid Fund-Regular Plan-Growth;Regular Plan;Growth;INF767K01IS9;;5074.649;05-Sep-2026
151928;LIC MF Liquid Fund-Regular Plan-Monthly IDCW;Regular Plan;Monthly IDCW;INF397L01976;INF397L01968;1229.092;05-Sep-2026
151927;LIC MF Liquid Fund-Regular Plan-Weekly IDCW;Regular Plan;Weekly IDCW;INF397L01950;INF397L01943;1003.0158;05-Sep-2026

Navi Mutual Fund
119163;Navi Liquid Fund - Direct Plan Daily IDCW - ReInvestment;Direct Plan;Daily IDCW - ReInvestment	;;INF959L01GK1;10.0141;05-Sep-2026
119161;Navi Liquid Fund - Direct Plan Monthly IDCW - Payout;Direct Plan;Monthly IDCW - Payout;INF959L01GG9;INF959L01GH7;10.026;05-Sep-2026
119162;Navi Liquid Fund - Direct Plan Weekly IDCW - Payout;Direct Plan;Weekly IDCW - Payout;INF959L01GI5;INF959L01GJ3;10.0129;05-Sep-2026
112645;Navi Liquid Fund - Regular Plan Daily IDCW;Regular Plan;Daily IDCW;;INF959L01GM7;10.1032;05-Sep-2026
112647;Navi Liquid Fund - Regular Plan Monthly IDCW;Regular Plan;Monthly IDCW;INF959L01GN5;INF959L01GO3;10.0258;05-Sep-2026
112646;Navi Liquid Fund - Regular Plan Weekly IDCW;Regular Plan;Weekly IDCW;INF959L01GP0;INF959L01GQ8;10.0132;05-Sep-2026
119164;Navi Liquid Fund-Direct Plan-Growth Option;;;INF959L01GF1;;30.6077;05-Sep-2026
112636;Navi Liquid Fund-Regular Plan-Growth Option;Regular Plan;Growth Option;INF959L01GL9;;30.3186;05-Sep-2026
140437;Navi Liquid Fund-Unclaimed Redemption and Dividend Plan greater than 3 years;Direct Plan;Unclaimed Redemption and Dividend Plan less than 3 years;INF959L01CO2;;10.0012;05-Sep-2026
139386;Navi Liquid Fund-Unclaimed Redemption and Dividend Plan less than 3 years;Regular Plan;Unclaimed Redemption and Dividend Plan less than 3 years;INF959L01CN4;;30.5052;05-Sep-2026

PGIM India Mutual Fund
138285;PGIM India Liquid Fund - Daily Dividend;Regular Plan;Regular IDCW;;INF223J01BO9;100.304;05-Sep-2026
138297;PGIM India Liquid Fund - Direct Plan - Daily Dividend;Direct Plan;Direct IDCW;INF223J01NR7;;132.0046;05-Sep-2026
138299;PGIM India Liquid Fund - Direct Plan - Growth;Direct Plan;Direct Growth;INF223J01NS5;;370.397;05-Sep-2026
138298;PGIM India Liquid Fund - Direct Plan - Monthly Dividend;Direct Plan;Direct IDCW;INF223J01NT3;INF223J01NU1;115.8185;05-Sep-2026
138301;PGIM India Liquid Fund - Direct Plan - Weekly Dividend;Direct Plan;Direct IDCW;INF223J01NV9;INF223J01NW7;100.5188;05-Sep-2026
138288;PGIM India Liquid Fund - Growth;Regular Plan;Regular Growth;INF223J01BP6;;365.5573;05-Sep-2026
138287;PGIM India Liquid Fund - Monthly Dividend;Regular Plan;Regular IDCW;INF223J01BL5;;116.2256;05-Sep-2026
138289;PGIM India Liquid Fund - Weekly Dividend;Regular Plan;Regular IDCW;INF223J01BU6;;100.5185;05-Sep-2026

PPFAS Mutual Fund
143263;Parag Parikh Liquid Fund- Direct Plan- Daily Reinvestment of IDCW;Direct Plan;Daily Reinvestment of IDCW;;INF879O01118;1000.9265;05-Sep-2026
143269;Parag Parikh Liquid Fund- Direct Plan- Growth;Direct Plan;Growth;INF879O01068;;1569.5142;05-Sep-2026
143262;Parag Parikh Liquid Fund- Direct Plan- Monthly IDCW;Direct Plan;Monthly IDCW Payout;INF879O01076;INF879O01084;1004.3250;05-Sep-2026
143265;Parag Parikh Liquid Fund- Direct Plan- Weekly Reinvestment of IDCW;Direct Plan;Weekly Reinvestment of IDCW;;INF879O01134;1002.3228;05-Sep-2026
143264;Parag Parikh Liquid Fund- Regular Plan- Daily Reinvestment of IDCW;Regular Plan;Daily Reinvestment of IDCW;;INF879O01126;1000.8528;05-Sep-2026
143260;Parag Parikh Liquid Fund- Regular Plan- Growth;Regular Plan;Growth;INF879O01035;;1556.4374;05-Sep-2026
143261;Parag Parikh Liquid Fund- Regular Plan- Monthly IDCW;Regular Plan;Monthly IDCW Payout;INF879O01043;INF879O01050;1004.3119;05-Sep-2026
143266;Parag Parikh Liquid Fund- Regular Plan- Weekly Reinvestment of IDCW;Regular Plan;Weekly Reinvestment of IDCW;;INF879O01142;1002.3095;05-Sep-2026

Quantum Mutual Fund
103736;Quantum Liquid Fund - Direct Plan Daily IDCW;Direct Plan;Daily IDCW;;INF082J01135;10.0172;05-Sep-2026
103734;Quantum Liquid Fund - Direct Plan Growth Option;Direct Plan;Growth Option;INF082J01127;;37.7097;05-Sep-2026
103735;Quantum Liquid Fund - Direct Plan Monthly IDCW;Direct Plan;Monthly IDCW;INF082J01143;INF082J01200;10.0390;05-Sep-2026
141065;Quantum Liquid Fund - Regular Plan Daily IDCW;Regular Plan;Daily IDCW;;INF082J01317;10.0002;05-Sep-2026
141066;Quantum Liquid Fund - Regular Plan Growth Option;Regular Plan;Growth Option;INF082J01309;;37.3976;05-Sep-2026
141067;Quantum Liquid Fund - Regular Plan Monthly IDCW;Regular Plan;Monthly IDCW;INF082J01325;INF082J01333;10.0359;05-Sep-2026
152299;Quantum Liquid Fund - Unclaimed IDCW Plan Above 3 years;;;;;10.0000;05-Sep-2026
152298;Quantum Liquid Fund - Unclaimed IDCW Plan Below 3 years;;;;;11.8565;05-Sep-2026
152301;Quantum Liquid Fund - Unclaimed Redemption Plan Above 3 years;;;;;10.0000;05-Sep-2026
152300;Quantum Liquid Fund - Unclaimed Redemption Plan Below 3 years;;;;;11.3802;05-Sep-2026

Shriram Mutual Fund
153035;Shriram Liquid Fund - Direct Plan Growth Option;Direct Plan;Growth;INF680P01430;;1120.7922;05-Sep-2026
153036;Shriram Liquid Fund - Regular Plan Growth Option;Regular Plan;Growth;INF680P01448;;1117.9511;05-Sep-2026
153282;Shriram Unclaimed IDCW Liquid Fund;Direct Plan;;;;1093.4884;05-Sep-2026
153283;Shriram Unclaimed IDCW Stable Scheme Liquid Fund;Direct Plan;;;;1000;05-Sep-2026
153280;Shriram Unclaimed Redemption Liquid Fund;Direct Plan;;;;1105.7582;05-Sep-2026
153281;Shriram Unclaimed Redemption Stable Scheme Liquid Fund;Direct Plan;;;;1000;05-Sep-2026

Trust Mutual Fund
148842;TRUSTMF Liquid Fund-Direct Plan-Daily Income Distribution cum Capital Withdrawal;Direct Plan;Daily Income Distribution cum Capital Withdrawal;;INF0GCD01263;1295.7561;05-Sep-2026
148841;TRUSTMF Liquid Fund-Direct Plan-Growth;Direct Plan;Growth;INF0GCD01255;;1373.8683;05-Sep-2026
148839;TRUSTMF Liquid Fund-Direct Plan-Monthly Income Distribution cum Capital Withdrawal;Direct Plan;Monthly Income Distribution cum Capital Withdrawal;INF0GCD01305;INF0GCD01297;1223.5989;05-Sep-2026
148837;TRUSTMF Liquid Fund-Direct Plan-Weekly Income Distribution cum Capital Withdrawal;Direct Plan;Weekly Income Distribution cum Capital Withdrawal;INF0GCD01271;INF0GCD01289;1251.2817;05-Sep-2026
148834;TRUSTMF Liquid Fund-Regular Plan-Daily Income Distribution cum Capital Withdrawal;Regular Plan;Daily Income Distribution cum Capital Withdrawal;;INF0GCD01206;1222.7256;05-Sep-2026
148833;TRUSTMF Liquid Fund-Regular Plan-Growth;Regular Plan;Growth;INF0GCD01198;;1362.7372;05-Sep-2026
148843;TRUSTMF Liquid Fund-Regular Plan-Monthly Income Distribution cum Capital Withdrawal;Regular Plan;Monthly Income Distribution cum Capital Withdrawal;INF0GCD01248;INF0GCD01230;1213.6500;05-Sep-2026
148836;TRUSTMF Liquid Fund-Regular Plan-Weekly Income Distribution cum Capital Withdrawal;Regular Plan;Weekly Income Distribution cum Capital Withdrawal;INF0GCD01214;INF0GCD01222;1197.7371;05-Sep-2026

Open Ended Schemes ( Other Scheme - Other  ETFs )


Edelweiss Mutual Fund
153920;Edelweiss Nifty 1D Rate Liquid ETF - Growth;;;INF754K01VW2;;1046.4724;05-Sep-2026

Shriram Mutual Fund
152741;Shriram Nifty 1D Rate Liquid ETF - Growth;Direct Plan;Growth;INF680P01422;;1120.1834;05-Sep-2026

Open Ended Schemes ( Income/Debt Oriented Schemes - Overnight Fund )


Canara Robeco Mutual Fund
147532;CANARA ROBECO OVERNIGHT FUND - DIRECT PLAN - DAILY IDCW (Reinvestment);Direct Plan;DAILY IDCW (Reinvestment);;INF760K01JN3;1001.0012;05-Sep-2026
147531;CANARA ROBECO OVERNIGHT FUND - DIRECT PLAN - GROWTH OPTION;Direct Plan;GROWTH OPTION;INF760K01JM5;;1421.2459;05-Sep-2026
147533;CANARA ROBECO OVERNIGHT FUND - REGULAR PLAN - DAILY IDCW (Reinvestment);Regular Plan;DAILY IDCW (Reinvestment);;INF760K01JP8;1001.0000;05-Sep-2026
147534;CANARA ROBECO OVERNIGHT FUND - REGULAR PLAN - GROWTH OPTION;Regular Plan;GROWTH OPTION;INF760K01JO1;;1419.6047;05-Sep-2026

Choice Mutual Fund
154416;Choice Overnight Fund - Daily IDCW Option - Direct Plan;Direct Plan;Daily IDCW;;INF2KCX01061;100.1000;05-Sep-2026
154414;Choice Overnight Fund - Daily IDCW Option - Regular Plan;Regular Plan;Daily IDCW;;INF2KCX01079;100.1000;05-Sep-2026
154413;Choice Overnight Fund - Growth Option - Direct Plan;Direct Plan;Growth;INF2KCX01087;;100.8804;05-Sep-2026
154415;Choice Overnight Fund - Growth Option - Regular Plan;Regular Plan;Growth;INF2KCX01095;;100.8617;05-Sep-2026
154624;Choice Overnight Fund -Direct -Unclaimed Less than 3 years Redemption Plan;Direct Plan;Unclaimed Less than 3 years Redemption;;;100.3273;05-Sep-2026

Helios Mutual Fund
152151;Helios Overnight Fund - Direct Plan - Daily IDCW Option;Direct Plan;Daily IDCW;INF0R8701087;;1000.1157;05-Sep-2026
152152;Helios Overnight Fund - Direct Plan - Growth Option;Direct Plan;Growth;INF0R8701079;;1180.3590;05-Sep-2026
152154;Helios Overnight Fund - Regular Plan - Daily IDCW Option;Regular Plan;Daily IDCW;INF0R8701103;;1000.1145;05-Sep-2026
152153;Helios Overnight Fund - Regular Plan - Growth Option;Regular Plan;Growth;INF0R8701095;;1178.6841;05-Sep-2026

JM Financial Mutual Fund
147838;JM Overnight Fund (Direct) - Daily IDCW;Direct Plan;Daily IDCW Option;;INF192K01LY2;1000;05-Sep-2026
147835;JM Overnight Fund (Direct) - Weekly IDCW;Direct Plan;Weekly IDCW Option;INF192K01LZ9;INF192K01MA0;1000.4653;05-Sep-2026
147839;JM Overnight Fund (Regular) - Daily IDCW;Regular Plan;Daily IDCW Option;;INF192K01LU0;1000;05-Sep-2026
147836;JM Overnight Fund (Regular) - Growth;Regular Plan;Growth Option;INF192K01LX4;;1387.8332;05-Sep-2026
147834;JM Overnight Fund (Regular) - Weekly IDCW;Regular Plan;Weekly IDCW Option;INF192K01LV8;INF192K01LW6;1000.4623;05-Sep-2026
147837;JM Overnight Fund - (Direct) - Growth;Direct Plan;Growth Option;INF192K01MB8;;1394.3932;05-Sep-2026
149828;JM Overnight Fund - (Direct) - Unclaimed IDCW - Growth Plan;Direct Plan;Unclaimed IDCW - Growth Plan;INF192K01MJ1;;1399.5358;05-Sep-2026
149827;JM Overnight Fund - (Direct) - Unclaimed IDCW I.E.F. - Growth Plan;Direct Plan;Unclaimed IDCW I.E.F - Growth Plan;INF192K01ML7;;1073.9936;05-Sep-2026
149829;JM Overnight Fund - (Direct) - Unclaimed Redemption - Growth Plan;Direct Plan;Unclaimed Redemption - Growth Plan;INF192K01MI3;;1394.4158;05-Sep-2026
149826;JM Overnight Fund - (Direct) - Unclaimed Redemption I.E.F. - Growth Plan;Direct Plan;Unclaimed Redemption I.E.F - Growth Plan;INF192K01MK9;;1073.9936;05-Sep-2026

Open Ended Schemes ( Income/Debt Oriented Schemes - Liquid Fund )


ASK MUTUAL FUND
154591;ASK Liquid Fund Direct Daily IDCW;Direct Plan;Daily IDCW;;INF2XUU01039;1000.1314;05-Sep-2026
154589;ASK Liquid Fund Direct Growth;Direct Plan;Growth;INF2XUU01013;;1002.1815;05-Sep-2026
154592;ASK Liquid Fund Direct Monthly IDCW;Direct Plan;Monthly IDCW;INF2XUU01112;INF2XUU01120;1002.1313;05-Sep-2026
154583;ASK Liquid Fund Direct Weekly IDCW;Direct Plan;Weekly IDCW;INF2XUU01070;INF2XUU01088;1002.1331;05-Sep-2026
154586;ASK Liquid Fund Regular Daily IDCW;Regular Plan;Daily IDCW;;INF2XUU01047;1000.1515;05-Sep-2026
154581;ASK Liquid Fund Regular Growth;Regular Plan;Growth;INF2XUU01021;;1002.1596;05-Sep-2026
154590;ASK Liquid Fund Regular Monthly IDCW;Regular Plan;Monthly IDCW;INF2XUU01096;INF2XUU01104;1002.1077;05-Sep-2026
154587;ASK Liquid Fund Regular Weekly IDCW;Regular Plan;Weekly IDCW;INF2XUU01054;INF2XUU01062;1002.1200;05-Sep-2026

Canara Robeco Mutual Fund
118307;CANARA ROBECO LIQUID FUND - DIRECT PLAN - DAILY IDCW (Reinvestment);Direct Plan;DAILY IDCW (Reinvestment);;INF760K01FS0;1005.5000;05-Sep-2026
118305;CANARA ROBECO LIQUID FUND - DIRECT PLAN - GROWTH OPTION;Direct Plan;GROWTH OPTION;INF760K01FU6;;3401.9637;05-Sep-2026
118304;CANARA ROBECO LIQUID FUND - DIRECT PLAN - IDCW (Payout/Reinvestment);Direct Plan;IDCW (Payout/Reinvestment);INF760K01FT8;;2264.3113;05-Sep-2026
118306;CANARA ROBECO LIQUID FUND - DIRECT PLAN - MONTHLY IDCW (Payout/Reinvestment);Direct Plan;MONTHLY IDCW (Payout/Reinvestment);INF760K01FV4;INF760K01FW2;1002.7301;05-Sep-2026
118308;CANARA ROBECO LIQUID FUND - DIRECT PLAN - WEEKLY IDCW (Payout/Reinvestment);Direct Plan;WEEKLY IDCW (Payout/Reinvestment);INF760K01FY8;INF760K01FX0;1001.2815;05-Sep-2026
109349;CANARA ROBECO LIQUID FUND - REGULAR PLAN - DAILY IDCW (Reinvestment);Regular Plan;DAILY IDCW (Reinvestment);;INF760K01CU3;1005.5000;05-Sep-2026
109353;CANARA ROBECO LIQUID FUND - REGULAR PLAN - GROWTH OPTION;Regular Plan;GROWTH OPTION;INF760K01CW9;;3379.3439;05-Sep-2026
109351;CANARA ROBECO LIQUID FUND - REGULAR PLAN - MONTHLY IDCW (Payout/Reinvestment);Regular Plan;MONTHLY IDCW (Payout/Reinvestment);INF760K01CX7;INF760K01CY5;1002.5030;05-Sep-2026
109350;CANARA ROBECO LIQUID FUND - REGULAR PLAN - WEEKLY IDCW (Payout/Reinvestment);Regular Plan;WEEKLY IDCW (Payout/Reinvestment);INF760K01BZ4;INF760K01CZ2;1001.2738;05-Sep-2026
139235;Canara Robeco Liquid Fund -Unclaimed Redemption and Dividend Plan -Direct Growth Option;Direct Plan;Unclaimed Redemption and Dividend Plan-Growth Option;INF760K01IC8;;1856.6512;05-Sep-2026

JM Financial Mutual Fund
120411;JM Liquid Fund (Direct) - Daily IDCW;Direct Plan;Daily IDCW Option;;INF192K01CH6;10.4302;05-Sep-2026
120406;JM Liquid Fund (Direct) - Growth Option;Direct Plan;Growth Option;INF192K01CM6;;77.434;05-Sep-2026
120408;JM Liquid Fund (Direct) - Quarterly IDCW;Direct Plan;Quarterly IDCW Option;INF192K01CK0;INF192K01CL8;43.9624;05-Sep-2026
120407;JM Liquid Fund (Direct) - Weekly IDCW;Direct Plan;Weekly IDCW Option;INF192K01CI4;INF192K01CJ2;11.0178;05-Sep-2026
100244;JM Liquid Fund (Regular) - Quarterly IDCW;Regular Plan;Quarterly IDCW Option;INF192K01866;INF192K01874;43.3131;05-Sep-2026
100247;JM Liquid Fund (Regular) - Super Institutional Plan - Growth Option;Regular Plan;Super Institutional Plan - Growth Option;INF192K01981;;44.0002;05-Sep-2026
100233;JM Liquid Fund (Regular) - Weekly IDCW;Regular Plan;Weekly IDCW Option;INF192K01841;INF192K01858;11.0152;05-Sep-2026
100234;JM Liquid Fund - Growth Option;Regular Plan;Growth Option;INF192K01882;;76.5236;05-Sep-2026
148414;JM Liquid Fund - Unclaimed Application Refund Amount I.E.F. (Direct) - Growth Plan;Direct Plan;Unclaimed Application Refund Amount I.E.F - Growth Plan;;;41.4437;05-Sep-2026
148413;JM Liquid Fund - Unclaimed Brokerage I.E.F. (Direct) - Growth Plan;Direct Plan;Unclaimed Brokerage I.E.F - Growth Plan;;;41.4437;05-Sep-2026

Mahindra Manulife Mutual Fund
139535;Mahindra Manulife Liquid Fund - Direct Plan - Daily IDCW;Direct Plan;Daily IDCW;;INF174V01051;1298.4896;05-Sep-2026
139536;Mahindra Manulife Liquid Fund - Direct Plan - Weekly IDCW;Direct Plan;Weekly IDCW;;INF174V01069;1003.3089;05-Sep-2026
139538;Mahindra Manulife Liquid Fund - Direct Plan -Growth;Direct Plan;Growth;INF174V01044;;1849.2784;05-Sep-2026
139534;Mahindra Manulife Liquid Fund - Regular Plan - Daily IDCW;Regular Plan;Daily IDCW;;INF174V01028;1001.6836;05-Sep-2026
139537;Mahindra Manulife Liquid Fund - Regular Plan - Growth;Regular Plan;Growth;INF174V01010;;1827.2941;05-Sep-2026
139541;Mahindra Manulife Liquid Fund - Regular Plan - Weekly IDCW;Regular Plan;Weekly IDCW;;INF174V01036;1009.7231;05-Sep-2026
